{
  "config": {
    "profit_target_pct": 70,
    "stop_loss_pct": 100,
    "apply_dtes": [
      0,
      1,
      3
    ],
    "apply_tiers": [
      "conservative"
    ],
    "apply_sides": [
      "call",
      "put"
    ]
  },
  "metrics": {
    "annualized_sharpe": 11.746550520881591,
    "annualized_roi_pct": 57687.591114435476,
    "max_drawdown_pct": 0.0,
    "win_day_pct": 100.0,
    "n_days": 327,
    "n_trades": 8067,
    "score": 11.746550520881591,
    "improvement_pct": 4.694248551728147,
    "hold_sharpe": 11.219862297476412
  }
}