{
  "config": {
    "profit_target_pct": 40,
    "stop_loss_pct": 150,
    "apply_dtes": [
      1
    ],
    "apply_tiers": [
      "conservative"
    ],
    "apply_sides": [
      "put"
    ]
  },
  "metrics": {
    "annualized_sharpe": 11.685939775398081,
    "annualized_roi_pct": 58286.08487227547,
    "max_drawdown_pct": 0.0,
    "win_day_pct": 100.0,
    "n_days": 327,
    "n_trades": 8067,
    "score": 11.685939775398081,
    "improvement_pct": 4.154039199095158,
    "hold_sharpe": 11.219862297476412
  }
}